{
  "Name": "Melody Engine",
  "Version": "0.0.1",
  "Factory Info": {
    "Vendor": "DJstih",
    "URL": "",
    "E-Mail": "",
    "Flags": {
      "Unicode": true,
      "Classes Discardable": false,
      "Component Non Discardable": false,
    },
  },
  "Classes": [
    {
      "CID": "ABCDEF019182FAEB444A73744D656C6F",
      "Category": "Audio Module Class",
      "Name": "Melody Engine",
      "Vendor": "DJstih",
      "Version": "0.0.1",
      "SDKVersion": "VST 3.7.11",
      "Sub Categories": [
        "Instrument",
        "Instrument",
        "Synth",
      ],
      "Class Flags": 2,
      "Cardinality": 2147483647,
      "Snapshots": [
      ],
    },
    {
      "CID": "ABCDEF011234ABCD444A73744D656C6F",
      "Category": "Component Controller Class",
      "Name": "Melody Engine",
      "Vendor": "DJstih",
      "Version": "0.0.1",
      "SDKVersion": "VST 3.7.11",
      "Sub Categories": [
        "Instrument",
        "Instrument",
        "Synth",
      ],
      "Class Flags": 2,
      "Cardinality": 2147483647,
      "Snapshots": [
      ],
    },
    {
      "CID": "ABCDEF01C0DEF00D444A73744D656C6F",
      "Category": "Plugin Compatibility Class",
      "Name": "Melody Engine",
      "Vendor": "DJstih",
      "Version": "0.0.1",
      "SDKVersion": "VST 3.7.11",
      "Class Flags": 0,
      "Cardinality": 2147483647,
      "Snapshots": [
      ],
    },
  ],
}